AHMAD SAMIR BIN AHMAD SANNI AHMADSAM001@e.ntu.edu.sg
 ALICIA TAN YAN XIU ATAN057@e.ntu.edu.sg
 ANG JUN HAN E150194@e.ntu.edu.sg
 ANG WEI QING ANGW0068@e.ntu.edu.sg
 AVIEL TAN YII HENG AVIE0001@e.ntu.edu.sg
 BRANDON TAN TAO WEI BRAN0014@e.ntu.edu.sg
 BRYAN LAW WEI JIE BLAW002@e.ntu.edu.sg
 CAREEN LOO KAH LING CARE0003@e.ntu.edu.sg
 CASSANDRA OOI CASS0017@e.ntu.edu.sg
 CHAN SHARMAIN SCHAN019@e.ntu.edu.sg
 CHEE KAH MUN CHEE0114@e.ntu.edu.sg
 CHEONG KAR SHIN, EDWARD ECHEONG003@e.ntu.edu.sg
 CHEONG WEI QI WCHEONG008@e.ntu.edu.sg
 CHEONG YUAN JIE YCHEONG004@e.ntu.edu.sg
 CHEW YU SEN CHEW0346@e.ntu.edu.sg
 CHIA WAN RUI CHIA0373@e.ntu.edu.sg
 CHONG JIA ENG JCHONG008@e.ntu.edu.sg
 CHONG ZHI XIN ZCHONG005@e.ntu.edu.sg
 CHOO JIN FU CHOO0144@e.ntu.edu.sg
 CHRISTINE TAN LI WEI CHRI0052@e.ntu.edu.sg
 CHU ZHI HUI ZCHU001@e.ntu.edu.sg
 CHUA FANG TING, CELINE CCHUA022@e.ntu.edu.sg
 CHUA KAH BENG CHUA0737@e.ntu.edu.sg
 CHUA MEI HUI VALERIE VCHUA004@e.ntu.edu.sg
 CHUA SI MIN JOEY CHUA0745@e.ntu.edu.sg
 DEBORAH THAM EN-QI DTHAM004@e.ntu.edu.sg
 DELICK LIM TIAN BOON DELI0003@e.ntu.edu.sg
 DESIREE CHIA PEI YAN DCHIA007@e.ntu.edu.sg
 DON TAN QUN HENG DTAN052@e.ntu.edu.sg
 DOUGLAS WEE SHENG HUI DOUG0005@e.ntu.edu.sg
 DWAYNE HO LIANG YI DHO006@e.ntu.edu.sg
 EDMOND LEE REN JIE ELEE021@e.ntu.edu.sg
 EDWINA NGAN YE LUAN ENGAN001@e.ntu.edu.sg
 ERICA TEO YAN TING E150101@e.ntu.edu.sg
 ERWIN BIN MOHAMAD SAID ERWIN002@e.ntu.edu.sg
 FENG TINGYI FENG0079@e.ntu.edu.sg
 FOO JUN JIE JFOO013@e.ntu.edu.sg
 GERALDINE SOH ZIXIN GSOH002@e.ntu.edu.sg
 GOH ANNA GOHA0007@e.ntu.edu.sg
 GOH JIA YING E150130@e.ntu.edu.sg
 GOH WEN SHENG GOHW0054@e.ntu.edu.sg
 GRACE FOO XIN HUI GFOO003@e.ntu.edu.sg
 GUOK HUI LI E150073@e.ntu.edu.sg
 HEE WEI QIAN HEEW0001@e.ntu.edu.sg
 HO JIA JUN (E150163) E150163@e.ntu.edu.sg
 HOE KIAN LEONG HOEK0002@e.ntu.edu.sg
 HSU YANG SHUN HSUY0002@e.ntu.edu.sg
 HUI MIN SIEW HUIM0002@e.ntu.edu.sg
 IRENE SOH QIAN JING E150071@e.ntu.edu.sg
 ISABELLE SOH SHI MIN ISOH001@e.ntu.edu.sg
 IVAN LEE RONG LIANG IVAN0027@e.ntu.edu.sg
 JASON HENG TEIK OOI JHENG006@e.ntu.edu.sg
 JEE KAM CHIN DUSTIN JEEK0001@e.ntu.edu.sg
 JERRY LIM WEN XING E150142@e.ntu.edu.sg
 JERWIE KOH JKOH042@e.ntu.edu.sg
 JERYL YAP SHE JYAP017@e.ntu.edu.sg
 JESSICA JESSIE D/O SASITHARAN JESSICAJ001@e.ntu.edu.sg
 JOEL GOH YONG MING JOEL0022@e.ntu.edu.sg
 JONATHAN LEE YEE TIAN JLEE086@e.ntu.edu.sg
 JOSHUA ANG WEI ZHANG E150104@e.ntu.edu.sg
 JUNIE LEE WEI YING JLEE091@e.ntu.edu.sg
 KATHLEEN CHONG HWEE HOON KATH0018@e.ntu.edu.sg
 KAW HAO YANG HKAW001@e.ntu.edu.sg
 KELVIN SIM MING HUI KSIM007@e.ntu.edu.sg
 KEW CHEE ONN KEWC0003@e.ntu.edu.sg
 KOK ZI CHENG ZKOK002@e.ntu.edu.sg
 LAI JIAN HSIEN LAIJ0022@e.ntu.edu.sg
 LAKSMI CAHYADY LCAHYADY001@e.ntu.edu.sg
 LAU SUET KEE MICHELLE MLAU002@e.ntu.edu.sg
 LAW WEI ZIAN LAWW0009@e.ntu.edu.sg
 LAWSON PNG JIA RONG LAWS0007@e.ntu.edu.sg
 LEE DI JIE LEED0009@e.ntu.edu.sg
 LEE HSIN CHONG LEEH0095@e.ntu.edu.sg
 LEE JIN YONG JLEE100@e.ntu.edu.sg
 LEE SHU YUAN E150143@e.ntu.edu.sg
 LEE SI XIAN MANDY SLEE063@e.ntu.edu.sg
 LEON LEE MING ZHI LEON0173@e.ntu.edu.sg
 LEONG JUN WEI CARISSA JLEONG016@e.ntu.edu.sg
 LIANG YI HUI YLIANG012@e.ntu.edu.sg
 LIEW LU YI LIEW0156@e.ntu.edu.sg
 LIEW ZHI QI ZLIEW003@e.ntu.edu.sg
 LIM CHOON ZUAN LIMC0194@e.ntu.edu.sg
 LIM FANG HONG JONATHAN FLIM009@e.ntu.edu.sg
 LIM HOW KIAT HLIM025@e.ntu.edu.sg
 LIM JIA YIN LIMJ0175@e.ntu.edu.sg
 LIM KAI YING SHANTI KLIM043@e.ntu.edu.sg
 LIM QI XIANG E150080@e.ntu.edu.sg
 LIM RUI MIN SHERYL LIMR0026@e.ntu.edu.sg
 LIM SENG LEONG JASPER JLIM147@e.ntu.edu.sg
 LIM SHU HUI SLIM073@e.ntu.edu.sg
 LIM SI HUI LIMS0227@e.ntu.edu.sg
 LIM SUE QIN LIMS0229@e.ntu.edu.sg
 LIM WEI YANG SILAS SLIM066@e.ntu.edu.sg
 LIM WEN JING WLIM051@e.ntu.edu.sg
 LIM ZHI XUN ZLIM043@e.ntu.edu.sg
 LISA ONG JING TING E150134@e.ntu.edu.sg
 LOH MIN QI MLOH005@e.ntu.edu.sg
 LOH XIN YUN E140099@e.ntu.edu.sg
 LOH ZI XUAN LOHZ0013@e.ntu.edu.sg
 LOI KEAN YANG MERVIN LOIK0001@e.ntu.edu.sg
 LOO YEE FENG YLOO001@e.ntu.edu.sg
 LU YANPING E150183@e.ntu.edu.sg
 MAH KANG JUN KMAH001@e.ntu.edu.sg
 MANDY KOH MAN TIAN E150141@e.ntu.edu.sg
 MELISSA GOH YEE SHUEN MELI0029@e.ntu.edu.sg
 NEO KAI WEI NEOK0013@e.ntu.edu.sg
 NG JIA HUI NG0009UI@e.ntu.edu.sg
 NG SHI HUI PEARLYN NGSH0045@e.ntu.edu.sg
 NG WING YUE WNG028@e.ntu.edu.sg
 NG YI TING EVELYN E150150@e.ntu.edu.sg
 NG YING DAN YNG048@e.ntu.edu.sg
 NOORAZLIN BTE AHMAD NO0001AD@e.ntu.edu.sg
 NORHAIZA BIN BASIR AHMAD NORHAIZA001@e.ntu.edu.sg
 NUR AFIQAH BINTE NOORAZMAN NURA0060@e.ntu.edu.sg
 NUR LYANA BTE JAMIL E150169@e.ntu.edu.sg
 NURAFIKAH BTE NENAWAN E150178@e.ntu.edu.sg
 ONG CHEW PING E150174@e.ntu.edu.sg
 ONG JIA MIN JONG061@e.ntu.edu.sg
 ONG SHI TING E150148@e.ntu.edu.sg
 ONG YING JIE E150162@e.ntu.edu.sg
 PANG HUI XIA PANG0188@e.ntu.edu.sg
 PEARLYN ONG JIA XIAN JONG058@e.ntu.edu.sg
 PHANG XUAN LIN XPHANG002@e.ntu.edu.sg
 PUN SHU FEN E150113@e.ntu.edu.sg
 QUEK SI TING VIVIAN VQUEK002@e.ntu.edu.sg
 RACHEL LIM YAN TING RACH0053@e.ntu.edu.sg
 RAECIA TAN HUI XUAN RTAN024@e.ntu.edu.sg
 RAMALINGAM ISHWARYALAKSHMI ISHWARYA002@e.ntu.edu.sg
 REBECCA YEE PEI WEN RYEE001@e.ntu.edu.sg
 RIAN SUTRISNO BIN ASA ARI RIAN0004@e.ntu.edu.sg
 RIFFANA RIFFANA001@e.ntu.edu.sg
 SAAHIL KORADIA SAAHIL001@e.ntu.edu.sg
 SABRINA ANG XI PING E150188@e.ntu.edu.sg
 SABRINA NG SABR0012@e.ntu.edu.sg
 SARAH SIOW SHI YING SARA0053@e.ntu.edu.sg
 SCOTT GEORGINA JOHANNA GEORGINA001@e.ntu.edu.sg
 SEAH QIAN LING SEAH0182@e.ntu.edu.sg
 SEE KAI WEN KSEE005@e.ntu.edu.sg
 SHEN ZHEN YAO SHEN0128@e.ntu.edu.sg
 SHERIE ONG BAO HUI SHER0043@e.ntu.edu.sg
 SIM EN CHING ESIM006@e.ntu.edu.sg
 SITI ATIKAH BINTE NORDIN SITI0100@e.ntu.edu.sg
 SOH SHI HUI SSOH008@e.ntu.edu.sg
 SOO XIN HUI RACHEL RSOO001@e.ntu.edu.sg
 SOON HUI LING MANDY E150089@e.ntu.edu.sg
 STANLEY GAN HAN JING SGAN007@e.ntu.edu.sg
 TAEPAN KANJANAPORN TAEP0001@e.ntu.edu.sg
 TAN BO YAO BTAN039@e.ntu.edu.sg
 TAN JIA XIN (JTAN230) JTAN230@e.ntu.edu.sg
 TAN LI XUAN (LTAN045) LTAN045@e.ntu.edu.sg
 TAN SHU MEI STAN118@e.ntu.edu.sg
 TAN SHU RONG TA0044NG@e.ntu.edu.sg
 TAN WEI REN, DARYL DTAN051@e.ntu.edu.sg
 TAN YEN PING TRICIA TANY0416@e.ntu.edu.sg
 TAN YIN YAN TANY0427@e.ntu.edu.sg
 TEO HUI XIN E150109@e.ntu.edu.sg
 TEO XIN TING TEOX0013@e.ntu.edu.sg
 TEW YING SIAN YTEW003@e.ntu.edu.sg
 THAM CHIN SOON CTHAM003@e.ntu.edu.sg
 THEODORE EDWARD YZELMAN THEODORE001@e.ntu.edu.sg
 TOK WAN LING WTOK001@e.ntu.edu.sg
 TRACY LEE JING WEI TLEE019@e.ntu.edu.sg
 VARSHINI VENUGOPALAN VARSHINI002@e.ntu.edu.sg
 VENEETHA TAY MEI EN VENE0003@e.ntu.edu.sg
 VETHANAYAKE D/O RAMACHANDRAN VETH0001@e.ntu.edu.sg
 WEE SHI YING E150002@e.ntu.edu.sg
 WONG HUI SHI WONG0993@e.ntu.edu.sg
 WONG JENG FONG WONG0957@e.ntu.edu.sg
 YEAP MEI LEE MYEAP001@e.ntu.edu.sg
 YEO GENG CUN YEOG0008@e.ntu.edu.sg
 YEO WEIMAINE YEOW0054@e.ntu.edu.sg
 YEO YONG SHENG NICHOLAS YYEO007@e.ntu.edu.sg
 YEO YU PING YEOY0036@e.ntu.edu.sg
 YIONG PEI LIN PYIONG001@e.ntu.edu.sg
 YONG AI WEN YONG0185@e.ntu.edu.sg
 YU KAI JI RICHIE RYU004@e.ntu.edu.sg
 ALLEN CHEONG YONG FEI ACHEONG001@e.ntu.edu.sg
 ANG QIU YAN ANGQ0012@e.ntu.edu.sg
 ASHA PANDEY D/O PARAS NATH ASHA001@e.ntu.edu.sg
 AW KANG LENG LAWRENCE E130188@e.ntu.edu.sg
 AW WEI EN EUGENE EAW002@e.ntu.edu.sg
 BELINDA LEONG LOK KAY BLEONG002@e.ntu.edu.sg
 BOH JIA JING E140064@e.ntu.edu.sg
 CANDY TEY QING YUE QTEY001@e.ntu.edu.sg
 CHAN HIU YEE CHAN0733@e.ntu.edu.sg
 CHAN LIANG WEI LCHAN009@e.ntu.edu.sg
 CHAN WING SAN TIFFANY CHAN0745@e.ntu.edu.sg
 CHEOH JIE ROU JCHEOH002@e.ntu.edu.sg
 CHEONG SHI MIN TRICIA CHEO0098@e.ntu.edu.sg
 CHEONG WAII HOONG WCHEONG007@e.ntu.edu.sg
 CHIA KIT YEE JOYCELYN JCHIA014@e.ntu.edu.sg
 CHING SER LYNN SCHING002@e.ntu.edu.sg
 CHONG YI LIN YLCHONG1@e.ntu.edu.sg
 CHOW MEI THENG E140012@e.ntu.edu.sg
 CHRIS-ANABEL KHAW JING YI CKHAW002@e.ntu.edu.sg
 CHUI SUNYANG, MALCOLM CHUI0013@e.ntu.edu.sg
 DARREN NG WEI HONG DARR0014@e.ntu.edu.sg
 DENISE JOSEPHINE SABINE FLORENCE JOSEPHIN003@e.ntu.edu.sg
 DIVYA BOTHRA DIVYA013@e.ntu.edu.sg
 DORIS LIEW WAN YIN DLIEW002@e.ntu.edu.sg
 EDWIN YEOW JIE REN EYEOW001@e.ntu.edu.sg
 FOO SHI JUN E130001@e.ntu.edu.sg
 GABRIEL GOH HWA CHERN GGOH003@e.ntu.edu.sg
 GAN WAI YEE, SARAH GANW0009@e.ntu.edu.sg
 GAY WEN QI E140128@e.ntu.edu.sg
 GOH HONG KIAT HGOH004@e.ntu.edu.sg
 GUAN JIETING JGUAN003@e.ntu.edu.sg
 HAN HUI LEE HANH0007@e.ntu.edu.sg
 HAN JIE CHOU JHAN008@e.ntu.edu.sg
 HEAH YONG RUAY HEAH0009@e.ntu.edu.sg
 HO ZHE LOONG BENJAMIN BHO006@e.ntu.edu.sg
 HOE YAN JIAO, MABEL YHOE002@e.ntu.edu.sg
 HONG XIUXIAN XHONG003@e.ntu.edu.sg
 HOW SHERWEINE E140118@e.ntu.edu.sg
 JACK LEONG JLEONG012@e.ntu.edu.sg
 JACQUELINE KNG KUN QIN JACQ0016@e.ntu.edu.sg
 JACQUELINE NG JIA YEE JACQ0017@e.ntu.edu.sg
 JAMIE CHUA SILIN JCHUA019@e.ntu.edu.sg
 JESSELYN WIJAYA JESS0032@e.ntu.edu.sg
 JOEY CHEW XIN YING JCHEW015@e.ntu.edu.sg
 KINZAH IQBAL KINZAH001@e.ntu.edu.sg
 KOH AI NA AKOH007@e.ntu.edu.sg
 KOH KAI VERN E140001@e.ntu.edu.sg
 KOH SHI HUI KOHS0085@e.ntu.edu.sg
 KOH SOK KHING E140115@e.ntu.edu.sg
 KOOI WEI RONG KOOI0002@e.ntu.edu.sg
 KOW HWEI ERN KIMBERLEY KKOW003@e.ntu.edu.sg
 LAI HONG LAN (E130196) E130196@e.ntu.edu.sg
 LAW YI HUAN E130022@e.ntu.edu.sg
 LEE CHEE HSIEN KENNETH KLEE019@e.ntu.edu.sg
 LEE JOE YEE JLEE075@e.ntu.edu.sg
 LEE KUNFENG JARYL JLEE066@e.ntu.edu.sg
 LEE TAT WEE LEET0041@e.ntu.edu.sg
 LEE XUE MEI JOLENE JLEE048@e.ntu.edu.sg
 LEE YING, AIKO ALEE023@e.ntu.edu.sg
 LIM YING JUN LIMY0230@e.ntu.edu.sg
 LIM YONG HUI LIMY0224@e.ntu.edu.sg
 LIM ZHEN TING, JODYN LIMZ0106@e.ntu.edu.sg
 LOO KIN HONG LOOK0011@e.ntu.edu.sg
 LOW WEE KANG LOWW0036@e.ntu.edu.sg
 LOW ZHI MIN RACHEL RLOW003@e.ntu.edu.sg
 MONICA NG TING YU MONI0009@e.ntu.edu.sg
 MUHAMMAD IMRAN B ABDUL GHANI E130118@e.ntu.edu.sg
 MUHAMMAD IQBAL IBRAHIM MUHAMMAD227@e.ntu.edu.sg
 NASRI BIN MOHAMED RAHIM NASRI001@e.ntu.edu.sg
 NATHANAEL GOH HAU CHIEN E140109@e.ntu.edu.sg
 NEO JIA QIAN NEOJ0018@e.ntu.edu.sg
 NEO SOH WOON NEOS0022@e.ntu.edu.sg
 NG KIANG LOONG NG0139NG@e.ntu.edu.sg
 NG QIAN YI E140058@e.ntu.edu.sg
 NG RUI TING E140055@e.ntu.edu.sg
 NG SU LIN SHERLYN SNG038@e.ntu.edu.sg
 NG YONGWEN NG0020EN@e.ntu.edu.sg
 NG ZHENG XIANG ZNG012@e.ntu.edu.sg
 NUR ATIQAH BTE ABDUL HALIM E140079@e.ntu.edu.sg
 NUR SABRINA BINTE AZMI NURS0025@e.ntu.edu.sg
 NURUL KHAIRUNISA BINTE MOHD HANAFI NU0001FI@e.ntu.edu.sg
 NURULAFIQAH BINTE JAMALLUDIN NURULAFI002@e.ntu.edu.sg
 ONG CHIEW SIAN E130002@e.ntu.edu.sg
 ONG JIA YEE JONG040@e.ntu.edu.sg
 ONG YONGXIANG YONG031@e.ntu.edu.sg
 SAM ENRIQUE CHEN XIANG AN XCHEN017@e.ntu.edu.sg
 SAN PEI LING SANP0001@e.ntu.edu.sg
 SARAH GOH YI NING SGOH012@e.ntu.edu.sg
 SEAH JOEL JSEAH012@e.ntu.edu.sg
 SHANNEN ONG SI HUI SHAN0060@e.ntu.edu.sg
 SHIN YEN NEE SHIN0011@e.ntu.edu.sg
 SIM ZI LIN SIMZ0010@e.ntu.edu.sg
 STEFFANIE JOY T. MOSQUERA SMOSQUER001@e.ntu.edu.sg
 STEPHANIE CHIANG SHI YAN SCHIANG002@e.ntu.edu.sg
 SUN JIAYIN SUNJ0023@e.ntu.edu.sg
 TAN CHIN YEE E130049@e.ntu.edu.sg
 TAN JADE YIN TANJ0207@e.ntu.edu.sg
 TAN JIA QI JERALD JTAN098@e.ntu.edu.sg
 TAN MEI YEE (TANM0104) TANM0104@e.ntu.edu.sg
 TAN PING LIANG E140083@e.ntu.edu.sg
 TAN SIOW LENG STAN043@e.ntu.edu.sg
 TAY HONG EN DAVID DTAY003@e.ntu.edu.sg
 TAY SHI HAN E140071@e.ntu.edu.sg
 TAY SHI YING STAY016@e.ntu.edu.sg
 TAY WEI LI EUNICE ETAY004@e.ntu.edu.sg
 TEO JIN ZHI TEOJ0056@e.ntu.edu.sg
 TEO PEI LING PLTEO1@e.ntu.edu.sg
 TEOH HOCK MING HTEOH002@e.ntu.edu.sg
 THIAM WAN YUN THIA0031@e.ntu.edu.sg
 TING HUONG RUI HAZEL HTING002@e.ntu.edu.sg
 TON MY LINH MYLINH001@e.ntu.edu.sg
 TRICIA TONG E140057@e.ntu.edu.sg
 WONG HUI QI WONG0946@e.ntu.edu.sg
 WONG MUN MUN WONG0872@e.ntu.edu.sg
 WONG WEI HAO WONG0931@e.ntu.edu.sg
 YANG YUWEN E140137@e.ntu.edu.sg
 YEO JUN RONG CLINTON YEOJ0032@e.ntu.edu.sg
 YVONNE LIM FANG YU YLIM043@e.ntu.edu.sg
 ZAHIRAH BTE ZULKIFLEE ZAHIRAH001@e.ntu.edu.sg
 ZENG SHITING ZENG0080@e.ntu.edu.sg
 ADELINE YEO HUI TING ADEL0017@e.ntu.edu.sg
 ANG HUI TZE BEVERLEY BANG004@e.ntu.edu.sg
 ANG JIT YONG JANG011@e.ntu.edu.sg
 ANG WEI XIANG ANGW0056@e.ntu.edu.sg
 ANN KOH YUE YU AKOH006@e.ntu.edu.sg
 AQIL LUQMAN BIN NURHAKIM AQIL001@e.ntu.edu.sg
 ARADHANA VIJAYKUMAR BADAMI ARADHANA001@e.ntu.edu.sg
 BRANSON KOH ZE YANG BRAN0006@e.ntu.edu.sg
 CECILIA WONG POH PENG CECI0009@e.ntu.edu.sg
 CHAN PEI LIN PCHAN007@e.ntu.edu.sg
 CHAN SHI JUN SCHAN013@e.ntu.edu.sg
 CHAN WEE SHUNG WCHAN012@e.ntu.edu.sg
 CHANG SHI YIEN CHAN0702@e.ntu.edu.sg
 CHEN ANNI ACHEN003@e.ntu.edu.sg
 CHEN JIA HONG JCHEN020@e.ntu.edu.sg
 CHEO RUI MING CHEO0095@e.ntu.edu.sg
 CHEW CUI YING CCHEW004@e.ntu.edu.sg
 CHIA HUI FANG SHARON CHIA0346@e.ntu.edu.sg
 CHIA HUI YI CHIA0344@e.ntu.edu.sg
 CHIA SHAN AI SCHIA007@e.ntu.edu.sg
 CHIA WEI WEN DANIEL DCHIA003@e.ntu.edu.sg
 CHIA YUN ZHU CHIA0338@e.ntu.edu.sg
 CHIN HONG XIANG HCHIN001@e.ntu.edu.sg
 CHNG ZHI RONG ZCHNG002@e.ntu.edu.sg
 CHOI JIA WEI E130127@e.ntu.edu.sg
 CHOO WAN QI CHOO0124@e.ntu.edu.sg
 CHOONG JIA WEN JCHOONG001@e.ntu.edu.sg
 CHRISTINE TOH CTOH006@e.ntu.edu.sg
 DANIEL KAO SHENG YANG DKAO001@e.ntu.edu.sg
 DARYL HO SHENG HUI E120123@e.ntu.edu.sg
 DEE MEI XIAN ADELINE MDEE001@e.ntu.edu.sg
 DOMINIC HOSEA TAN KEE KUAN DTAN031@e.ntu.edu.sg
 EDLYN ONG EONG005@e.ntu.edu.sg
 EDOUARD SIN-RONG SALLE EDOUARDS001@e.ntu.edu.sg
 FARIS BIN ABDUL MALIK FARIS001@e.ntu.edu.sg
 FIONA LIM FION0014@e.ntu.edu.sg
 FOO WAN SHIN YASMIN E130170@e.ntu.edu.sg
 GAVINDER SINGH S/O SUJHWANT SINGH GAVINDER001@e.ntu.edu.sg
 GOH FANG RU GOHF0006@e.ntu.edu.sg
 HAN XIANG CHOU XHAN013@e.ntu.edu.sg
 HENG KHENG YEE KENT HENG0137@e.ntu.edu.sg
 HENG ZHI HAO P130017@e.ntu.edu.sg
 HO SIAN NEE HO0007EE@e.ntu.edu.sg
 HO WEI FENG HOWE0034@e.ntu.edu.sg
 HONG YAN QING HONG0140@e.ntu.edu.sg
 HUANG YUSHAN YHUANG019@e.ntu.edu.sg
 ISABEL WON LING MIN IWON001@e.ntu.edu.sg
 ISABELLE KANG HUI ZHEN IKANG001@e.ntu.edu.sg
 JAYNIE ANNE MARGARETH TAN PINEDA JAYNIEAN001@e.ntu.edu.sg
 JEREMY CHUA KUN DA JCHUA013@e.ntu.edu.sg
 JESSIE LOW LAY YU JESS0025@e.ntu.edu.sg
 JOELLE LYN KAUR E130172@e.ntu.edu.sg
 JUSTIN LEE CHENG HAN JUST0010@e.ntu.edu.sg
 KAREN YEO XIU WEN KYEO008@e.ntu.edu.sg
 KEH YI LING KEHY0002@e.ntu.edu.sg
 KHOO WAN RONG KHOO0125@e.ntu.edu.sg
 KISHORE S/O CHANDRAMOHGAN KISHORE002@e.ntu.edu.sg
 KOH JIA RONG JKOH019@e.ntu.edu.sg
 KWEK ZI KIM ZKWEK001@e.ntu.edu.sg
 LAU CHZEE AN CLAU008@e.ntu.edu.sg
 LAU KUN XIAN DANIEL LAUK0018@e.ntu.edu.sg
 LEE ABRAHAM EZEQUIEL ABRAHAME001@e.ntu.edu.sg
 LEE GUI XIAN LEEG0023@e.ntu.edu.sg
 LEE LI LIN DESIREE DLEE008@e.ntu.edu.sg
 LEE WEN PEI ALEXIA E130179@e.ntu.edu.sg
 LEE WENJUN MATTHEW LEEW0119@e.ntu.edu.sg
 LEONG KWONG CHUIN KLEONG005@e.ntu.edu.sg
 LEONG KWONG SHUO E130137@e.ntu.edu.sg
 LI CHIAW WEI LICH0033@e.ntu.edu.sg
 LIM CHUON ANN ALOYSIUS LIMC0181@e.ntu.edu.sg
 LIM GUAN WEI LIMG0030@e.ntu.edu.sg
 LIM JAY HUI LIMJ0170@e.ntu.edu.sg
 LIM SU YING E130100@e.ntu.edu.sg
 LIU XIN YI XLIU020@e.ntu.edu.sg
 LOH WEIJIN E130168@e.ntu.edu.sg
 LOO CHUAN LOONG CLOO002@e.ntu.edu.sg
 LOW LEY BIAN LLOW006@e.ntu.edu.sg
 LOW WEI CAI DARREN LOWW0033@e.ntu.edu.sg
 MUHAMMAD NABIL TASNIM BIN LATIFF MUHA0189@e.ntu.edu.sg
 NADIRAH BINTE ISA NADIRAH002@e.ntu.edu.sg
 NG JIA HUI PETRINA E120114@e.ntu.edu.sg
 NG KAI WENG KNG023@e.ntu.edu.sg
 NG SI YI NGSI0017@e.ntu.edu.sg
 NG WEI HSIANG BRYAN BNG007@e.ntu.edu.sg
 NGO MY HANH MYHANH001@e.ntu.edu.sg
 NUR FITRIAH BINTE ALIAS NURFITRI003@e.ntu.edu.sg
 ONG KUAN KEONG E130079@e.ntu.edu.sg
 ONG SHI WEI, DARYL ONGS0089@e.ntu.edu.sg
 OOI WAN QI OOIW0006@e.ntu.edu.sg
 PHUA SU BOON SPHUA004@e.ntu.edu.sg
 PNG KAH YEE GLADYS GPNG001@e.ntu.edu.sg
 POH HUI YI (E130082) E130082@e.ntu.edu.sg
 PUA SUAN JIN ROBIN RPUA001@e.ntu.edu.sg
 RAMONA WONG WEI XUAN RAMO0001@e.ntu.edu.sg
 RHONDDA LIM SHYUN RU RHON0001@e.ntu.edu.sg
 RICHARD YEONG WEI JIE RICH0018@e.ntu.edu.sg
 RIKH ASHNIIL SINGH RIKH0001@e.ntu.edu.sg
 SARAH CHAN HIAN MAY SCHAN014@e.ntu.edu.sg
 SIEW CHEN YUAN CSIEW001@e.ntu.edu.sg
 SITI HALIMAHTUL RAUDAH BINTI SAMSUDIN SITI0087@e.ntu.edu.sg
 SOH SHAN SSOH005@e.ntu.edu.sg
 TAN HUI JIE STEPHANIE TANH0198@e.ntu.edu.sg
 TAN JIAN RUI (JTAN045) JTAN045@e.ntu.edu.sg
 TAN KIAN KIAT TANK0220@e.ntu.edu.sg
 TAN KIAT HAO, TERENCE TANK0222@e.ntu.edu.sg
 TAN XIAO QIN TANX0081@e.ntu.edu.sg
 TAN YAN MEI YTAN031@e.ntu.edu.sg
 TAN YE TONG YTAN043@e.ntu.edu.sg
 TAY HUIWEN EMERLYN HTAY007@e.ntu.edu.sg
 TAY YEE LIN JOANNA JTAY016@e.ntu.edu.sg
 TEO TEE KUAN TEOT0014@e.ntu.edu.sg
 TEO XUE LING LYNETTE LTEO003@e.ntu.edu.sg
 TEO YU LIANG YTEO004@e.ntu.edu.sg
 TIONG TING EN TTIONG001@e.ntu.edu.sg
 TOH JIN LENG JTOH013@e.ntu.edu.sg
 TOH SHANG WEI TOHS0035@e.ntu.edu.sg
 VALERIE CHIAM XUE LI VCHIAM001@e.ntu.edu.sg
 VAN MYRAN NEO WEI REN VNEO003@e.ntu.edu.sg
 VARUNI THAPLIYAL VARUNI001@e.ntu.edu.sg
 WAN WAI LEONG WWAN001@e.ntu.edu.sg
 WENDY YAP WEI LING WYAP003@e.ntu.edu.sg
 WINNIE WANG KAI LI WWANG007@e.ntu.edu.sg
 WONG XIAN JUN, GIDEON GWONG010@e.ntu.edu.sg
 XU SHAOYING SXU009@e.ntu.edu.sg
 YANG WEI EN GABRIEL YANG0350@e.ntu.edu.sg
 YAP YONG CHUAN YYAP002@e.ntu.edu.sg
 YIP ZHONG YAN RALPH ZYIP001@e.ntu.edu.sg
 YU ZHUORAN ZYU003@e.ntu.edu.sg
 ZHANG SHIDA, ANSON E120127@e.ntu.edu.sg
 ZHONG YANGZHI YZHONG004@e.ntu.edu.sg
 ZHOU ZIYI ZZHOU008@e.ntu.edu.sg
 ANG SOCK TING JACLYN ANGS0064@e.ntu.edu.sg
 ANGIE ANG AN ZHI ANGI0005@e.ntu.edu.sg
 ATEET ASHOK KUDTARKAR ATEE0001@e.ntu.edu.sg
 BIAN TINGBIN BI0001IN@e.ntu.edu.sg
 CHEN JIN JCHEN034@e.ntu.edu.sg
 CHIAM XIN HUI XCHIAM001@e.ntu.edu.sg
 CHOON ZHEN YU M150092@e.ntu.edu.sg
 CHUA YI DA CH0006DA@e.ntu.edu.sg
 CINDY TAN LI YUN CTAN107@e.ntu.edu.sg
 DANIEL CHAN SHAO XUAN DANI0031@e.ntu.edu.sg
 DAPHNE ONG JIA LIN DAPH0013@e.ntu.edu.sg
 DING KEXIN KDING001@e.ntu.edu.sg
 EDWIN SIN JIN HUA ESIN001@e.ntu.edu.sg
 ERIKO LIN SHENG TING ELIN004@e.ntu.edu.sg
 ERWIN WONG CHI LIANG EWONG008@e.ntu.edu.sg
 FARAH YAZMEEN AKTHAR FARAHYAZ001@e.ntu.edu.sg
 GENEVIEVE NICOLE LEE WEIZHEN GENE0007@e.ntu.edu.sg
 HOW CHUN HUNG HOWC0005@e.ntu.edu.sg
 JEAN LIM JIA YU JLIM176@e.ntu.edu.sg
 JIN YE JINY0009@e.ntu.edu.sg
 JYMIE FUAN XING YI JFUAN001@e.ntu.edu.sg
 KELYN CHUA WEE TENG KELY0001@e.ntu.edu.sg
 KENNETH LIM WEI JIE KLIM045@e.ntu.edu.sg
 KONSTANCE LIM HUI YEE KLIM037@e.ntu.edu.sg
 LI JINGYI (JLI039) JLI039@e.ntu.edu.sg
 LIAN YUAN TING LARISSA LLIAN002@e.ntu.edu.sg
 LIANG SHIHONG SLIANG012@e.ntu.edu.sg
 LIM WEE MENG WLIM055@e.ntu.edu.sg
 LIM YU SHAN YLIM060@e.ntu.edu.sg
 LIM YUN JING CALLY LIMY0246@e.ntu.edu.sg
 LIN YAN NI M150074@e.ntu.edu.sg
 LYNN WAKERMAN LYNN001@e.ntu.edu.sg
 LYU XINGYU LYUX0001@e.ntu.edu.sg
 MARCUS SIM JING WEI MSIM006@e.ntu.edu.sg
 NAMREETA KAUR D/O SUKHDEV SINGH NAMREETA001@e.ntu.edu.sg
 NG HUI BING HNG018@e.ntu.edu.sg
 NG JIN HONG NGJI0042@e.ntu.edu.sg
 NG KUANG ZHEN NGKU0006@e.ntu.edu.sg
 NG NGEE XIANG, ELSTON ENG014@e.ntu.edu.sg
 NG SHAO FENG SNG056@e.ntu.edu.sg
 NG WAN JING NNG011@e.ntu.edu.sg
 NGUYEN VAN HUNG HUNG012@e.ntu.edu.sg
 ONG YUE YU ONGY0096@e.ntu.edu.sg
 ONG ZHENG YAO ZONG013@e.ntu.edu.sg
 PUA XUAN YUN PUAX0001@e.ntu.edu.sg
 QUEK ZHI LE M150130@e.ntu.edu.sg
 RYAN ONG KANG RUI RYAN0014@e.ntu.edu.sg
 RYON GOH RYON0001@e.ntu.edu.sg
 SEOW WEI SZE WSEOW002@e.ntu.edu.sg
 SHAUN LIM TAU SZEN SLIM054@e.ntu.edu.sg
 SOH JIA WEI SEAN SOHJ0028@e.ntu.edu.sg
 SOH JIEYI STELLA SSOH010@e.ntu.edu.sg
 SU HENG HSU006@e.ntu.edu.sg
 TAN GUAN HOE GTAN037@e.ntu.edu.sg
 TAN MING HUI (M150084) M150084@e.ntu.edu.sg
 TAN PECK HEAN TANP0112@e.ntu.edu.sg
 TAN SHU HUI, AMANDA STAN125@e.ntu.edu.sg
 TAN WEIJIE CLEMENT CTAN108@e.ntu.edu.sg
 TANG CHEE HENG TANG0365@e.ntu.edu.sg
 TANG EN LIN ETANG006@e.ntu.edu.sg
 TAY CONG RUN TAYC0035@e.ntu.edu.sg
 TEO JIA HUI (JTEO027) JTEO027@e.ntu.edu.sg
 TERESA KOH ZI LING M150128@e.ntu.edu.sg
 VALERIE EVANGELIN LAURENT VALE0018@e.ntu.edu.sg
 VANESSA LENG SHAN VANE0016@e.ntu.edu.sg
 VIVIAN ONG HUI YING VIVI0020@e.ntu.edu.sg
 WANG SONG WANG1092@e.ntu.edu.sg
 WEN YUANYUAN WENY0005@e.ntu.edu.sg
 XU BOXIAO XUBO0002@e.ntu.edu.sg
 YEO KEE HAN YEOK0041@e.ntu.edu.sg
 ZHANG HONGDUO M150058@e.ntu.edu.sg
 AMANDA WONG JIA AN AWONG010@e.ntu.edu.sg
 AU WEI JIE WAU001@e.ntu.edu.sg
 CECILIA AW SI HUI CAW006@e.ntu.edu.sg
 CHENG WEI YING JOANNA JCHENG011@e.ntu.edu.sg
 CHEW BANG MING CHEW0319@e.ntu.edu.sg
 CHEW YI WEN CHEW0325@e.ntu.edu.sg
 CHIA PEI SHI ZOEY ZCHIA004@e.ntu.edu.sg
 CHIN RUI XIANG BENSON BCHIN003@e.ntu.edu.sg
 CHOW SZE YAN SCHOW001@e.ntu.edu.sg
 CHU WAN YI MELISSA MCHU001@e.ntu.edu.sg
 CHUA YI FANG VIVIAN VCHUA003@e.ntu.edu.sg
 CHUAH JIA YING JAZLYN JCHUAH001@e.ntu.edu.sg
 CUI LIN LCUI001@e.ntu.edu.sg
 FLORENCE WONG YONG XIN FWONG003@e.ntu.edu.sg
 GAN ZHEN SIONG M140043@e.ntu.edu.sg
 GOH CHUN SHAN CGOH023@e.ntu.edu.sg
 GOH ZHI HUI ASTLEY AGOH010@e.ntu.edu.sg
 HANNAH HO SHU HUI HANN0005@e.ntu.edu.sg
 HNG ENG NGEE HNGE0002@e.ntu.edu.sg
 HONG FOO LIANG HONG0164@e.ntu.edu.sg
 JENNY GOH HUI YI JENN0023@e.ntu.edu.sg
 JERELD NG YAN ZHONG JNG065@e.ntu.edu.sg
 JOEL TAN FENG JIE JOEL0015@e.ntu.edu.sg
 JOEY LYE SI YIN JOEY0014@e.ntu.edu.sg
 LAI SIN YI SINDY SLAI010@e.ntu.edu.sg
 LAM YI YAN LA0008AN@e.ntu.edu.sg
 LEE YONG ZHUANG YLEE041@e.ntu.edu.sg
 LER JUN YI JLER001@e.ntu.edu.sg
 LI NANGE LINA0010@e.ntu.edu.sg
 LIU NAYUAN LIUN0007@e.ntu.edu.sg
 LIU ZHUOHAN ZLIU014@e.ntu.edu.sg
 LOKE WEE ZHENG LOKE0056@e.ntu.edu.sg
 LONG YUXUAN LONG0044@e.ntu.edu.sg
 LOW JING MEI CHERYL JLOW029@e.ntu.edu.sg
 LOW WEI HONG (M140042) M140042@e.ntu.edu.sg
 LUQMAN HAKIIM BIN SAHLAN M140008@e.ntu.edu.sg
 LYNDON GOH LYND0001@e.ntu.edu.sg
 MUHAMMAD AZIZ BIN FIRDAUS ABDULLAH AZIZ001@e.ntu.edu.sg
 NEO MING YUAN NEOM0006@e.ntu.edu.sg
 NG CHIEN LING CNG033@e.ntu.edu.sg
 NG LI YIN M140138@e.ntu.edu.sg
 NG QIN HUI NG0008UI@e.ntu.edu.sg
 NG SHI HAO NGSH0043@e.ntu.edu.sg
 NG YUN XUAN SHERYE YNG035@e.ntu.edu.sg
 NG YUN XUAN YNG038@e.ntu.edu.sg
 NGUWI JIANG YU NGUW0002@e.ntu.edu.sg
 ONG JIA WEI JONG051@e.ntu.edu.sg
 ONG JIAN XIANG, JASPER JONG050@e.ntu.edu.sg
 PAMELA LOH LI WEN PLOH004@e.ntu.edu.sg
 PEY SI YA SPEY001@e.ntu.edu.sg
 PNG SIN YONG PNGS0005@e.ntu.edu.sg
 PRISCILLA LOW YI XIAN PRIS0012@e.ntu.edu.sg
 PUA KI FONG PUAK0001@e.ntu.edu.sg
 REGINA KOH SZE HAN M140116@e.ntu.edu.sg
 REUBEN TAN WEI LI REUB0005@e.ntu.edu.sg
 SEE YI FONG SEEY0015@e.ntu.edu.sg
 SHA ZHENGHAN SHAZ0005@e.ntu.edu.sg
 SHAIK REZA SHAFIQ BIN SHAIK ANNUAR SHAIKREZ001@e.ntu.edu.sg
 SOH YI QING SOHY0028@e.ntu.edu.sg
 SYLVIA CHAN YU XIAN SCHAN017@e.ntu.edu.sg
 TAI KAI ZHEN KTAI002@e.ntu.edu.sg
 TAN JIA MIN (M140135) M140135@e.ntu.edu.sg
 TAN SHI YUN STAN094@e.ntu.edu.sg
 TEH EE CHENG TEHE0003@e.ntu.edu.sg
 TEO LIANG WEI LTEO007@e.ntu.edu.sg
 THNG ZHENG YONG DEON THNG0014@e.ntu.edu.sg
 TING ZAI LIAN BASIL BTING001@e.ntu.edu.sg
 TOH YOU JIE M140140@e.ntu.edu.sg
 WANG LEI (LWANG024) LWANG024@e.ntu.edu.sg
 WEN YANRAN WENY0004@e.ntu.edu.sg
 WONG WEI LING WWONG013@e.ntu.edu.sg
 WONG YONG HUI WONG0927@e.ntu.edu.sg
 WU SONGRONG WUSO0001@e.ntu.edu.sg
 XIAN HAO XIAN0010@e.ntu.edu.sg
 YEO WEI CHUAN (YEOW0051) YEOW0051@e.ntu.edu.sg
 YONG MING HUI DENISE DYONG001@e.ntu.edu.sg
 ZHOU ZHOU ZZHOU009@e.ntu.edu.sg
 ANG WAN XIN ANGW0062@e.ntu.edu.sg
 AVRIL ONG XIAO TING AONG008@e.ntu.edu.sg
 BAI ZHONGZHENG BAIZ0005@e.ntu.edu.sg
 CHEN CHUN LING CHEN0912@e.ntu.edu.sg
 CHEN QIANCAI QCHEN007@e.ntu.edu.sg
 CHEN SHU CHEN0929@e.ntu.edu.sg
 CHEONG MUN YI DAPHNE MCHEONG005@e.ntu.edu.sg
 CHIN YEK CH0003EK@e.ntu.edu.sg
 CHONG KEL LEE KCHONG007@e.ntu.edu.sg
 CHUA KUN DA M130060@e.ntu.edu.sg
 CHUA YI JIN CHUA0686@e.ntu.edu.sg
 ELIZA NG SUE YING ELIZ0020@e.ntu.edu.sg
 ENG SI QI ENGS0013@e.ntu.edu.sg
 GOH CALYN CGOH015@e.ntu.edu.sg
 GOH KUN HONG KGOH008@e.ntu.edu.sg
 GOH QING HAO M130101@e.ntu.edu.sg
 GOH SI JIA AMELIA AGOH007@e.ntu.edu.sg
 HAN CHEE SIEW HANC0009@e.ntu.edu.sg
 JASMINE NG HUI SHAN JASM0019@e.ntu.edu.sg
 KASI GOPIKANNA S/O NADARAJAN KASIGOPI001@e.ntu.edu.sg
 KOH JIA HUI DEBORAH DKOH013@e.ntu.edu.sg
 KRISMA SHANDY KOMARUZZAMAN KRISMASH001@e.ntu.edu.sg
 LAU YANLING LAUY0023@e.ntu.edu.sg
 LEE CHONG REN LEEC0121@e.ntu.edu.sg
 LEE MING XUAN M130139@e.ntu.edu.sg
 LEE WAN QIN (M130115) M130115@e.ntu.edu.sg
 LEE XIN YAN XLEE017@e.ntu.edu.sg
 LIM CHIN YEE TERENCE CLIM035@e.ntu.edu.sg
 LIM PEI JUN M130074@e.ntu.edu.sg
 LIN NANZHENG LINN0004@e.ntu.edu.sg
 LIN XUE XLIN006@e.ntu.edu.sg
 LIU QINYU QLIU008@e.ntu.edu.sg
 LOH CHUN HOW ALOYSIUS ALOH002@e.ntu.edu.sg
 LOH HUI SHAN AMELIA LOHH0018@e.ntu.edu.sg
 LOH SHI QI LOHS0030@e.ntu.edu.sg
 LOH XINWAN LOHX0009@e.ntu.edu.sg
 LONG HAIYAN HLONG006@e.ntu.edu.sg
 LOW ZHEN LI GRACE GLOW005@e.ntu.edu.sg
 NG HUI XUAN HNG008@e.ntu.edu.sg
 NG YU EN WINNIE NGYU0024@e.ntu.edu.sg
 NICHOLAS YEO YAO ZHANG NICH0019@e.ntu.edu.sg
 ONG XIN YU JASLYN JONG025@e.ntu.edu.sg
 ONG ZHEN RUI ONGZ0046@e.ntu.edu.sg
 PANG ROU ZHEN RPANG003@e.ntu.edu.sg
 POH HUIZHEN ISABELLA IPOH001@e.ntu.edu.sg
 QUAH ZONG YOU ZQUAH002@e.ntu.edu.sg
 RACHEL LEONG ANN LEE RLEONG002@e.ntu.edu.sg
 REN JIAYI RENJ0009@e.ntu.edu.sg
 RUTH CHOY HUI YI RUTH0009@e.ntu.edu.sg
 SEAH QIAN YI QSEAH001@e.ntu.edu.sg
 SEE SHER LYN SEES0011@e.ntu.edu.sg
 SIM JIA WEN SIMJ0026@e.ntu.edu.sg
 SONG CHE SONG0121@e.ntu.edu.sg
 TAI XIAO TING XTAI001@e.ntu.edu.sg
 TAN KWANG YONG KTAN030@e.ntu.edu.sg
 TAN RUI JIE ANSEL ATAN030@e.ntu.edu.sg
 TAN SU YI TANS0329@e.ntu.edu.sg
 TAN XIAO TING XTAN011@e.ntu.edu.sg
 TEE GUANG YING TEEG0001@e.ntu.edu.sg
 TENG KE PEI TENG0100@e.ntu.edu.sg
 TEO SHI MIN TEOS0049@e.ntu.edu.sg
 TING WEN YUN TING0038@e.ntu.edu.sg
 TOH YOU MIN YTOH007@e.ntu.edu.sg
 WANG ZHAOYU WANG0884@e.ntu.edu.sg
 WAUREN BEH WEE HAN WBEH001@e.ntu.edu.sg
 WONG JIT RU WONG0894@e.ntu.edu.sg
 WONG WEI KHER WWONG006@e.ntu.edu.sg
 YEO JUN CONG YEOJ0031@e.ntu.edu.sg
 YIN ZHUYUN YINZ0006@e.ntu.edu.sg
 YU MUXUAN YUMU0001@e.ntu.edu.sg
 ZHAO JUNQI JZHAO004@e.ntu.edu.sg
 ZHONG XINJING XZHONG003@e.ntu.edu.sg>